T,Norm Infinity,Norm One,Norm Two,
4.99943,0.000274795,7.06884e-06,0.00372495,
10,0.000304063,8.13987e-06,0.00407541,

Calculated in: 7.88952
