T,Norm Infinity,Norm One,Norm Two,
4.99994,0.0390763,0.00069764,0.386302,
9.99994,0.070224,0.00129572,0.704922,

Calculated in: 95.3837
