GRID,	SERIAL,	EXTERNAL
1000,	0.23692,	1
3000,	0.32578,	19
5000,	0.562333,	81
7000,	1.00007,	208