T,Norm Infinity,Norm One,Norm Two,
4.99526,0.00426175,9.91758e-05,0.0555648,
9.99617,0.00431467,9.9732e-05,0.0560338,

Calculated in: 0.149809
